Device	Family	Model	Variant	pp512_d0	pp512_d2048	tg128_d0	tg128_d2048
RTX 40-series	NVIDIA	LFM2.5-350M	Q4_K_M	3804.50	3532.11	108.94	104.36
RTX 40-series	NVIDIA	gemma-3-270m-it	Q4_K_M	564.00	266.36	98.05	96.85
RTX 40-series	NVIDIA	Qwen3-0.6B	Q4_K_M	193.99	42.27	102.81	86.90
RTX 40-series	NVIDIA	granite-4.0-h-1b	Q4_K_M	713.77	240.88	81.43	70.95
RTX 40-series	NVIDIA	Qwen3.5-2B	Q4_K_M	571.88	185.24	77.65	75.54
RTX 40-series	NVIDIA	SmolLM3-3B	Q4_K_M	158.11	32.26	72.94	62.89
RTX 40-series	NVIDIA	Ministral-3-3B-Instruct-2512	Q4_K_M	129.44	24.59	72.97	64.51
RTX 40-series	NVIDIA	gemma-4-E2B-it	Q4_K_M	65.10	37.16	30.01	29.11
RTX 40-series	NVIDIA	Llama-3.2-1B-Instruct	Q4_K_M	1336.45	1054.83	107.30	101.77
RTX 5070	NVIDIA	LFM2.5-350M	Q4_K_M	3752.88	3121.29	108.65	108.86
RTX 5070	NVIDIA	Bonsai-1.7B	Q1_0	174.48	39.88	90.03	78.88
RTX 5070	NVIDIA	gemma-3-270m-it	Q4_K_M	716.29	295.57	96.92	98.63
RTX 5070	NVIDIA	Qwen3-0.6B	Q4_K_M	251.68	42.14	94.56	86.16
RTX 5070	NVIDIA	granite-4.0-h-1b	Q4_K_M	620.38	272.28	78.52	79.00
RTX 5070	NVIDIA	Qwen3.5-2B	Q4_K_M	520.86	175.75	78.99	77.19
RTX 5070	NVIDIA	SmolLM3-3B	Q4_K_M	146.65	29.08	72.68	50.82
RTX 5070	NVIDIA	Ministral-3-3B-Instruct-2512	Q4_K_M	113.44	22.13	72.85	67.20
RTX 5070	NVIDIA	gemma-4-E2B-it	Q4_K_M	64.69	37.68	31.81	31.12
RTX 5070	NVIDIA	Llama-3.2-1B-Instruct	Q4_K_M	1168.59	908.59	109.16	107.01
RTX 5080	NVIDIA	LFM2.5-350M	Q4_K_M	5358.19	4916.79	133.93	143.90
RTX 5080	NVIDIA	Bonsai-1.7B	Q1_0	242.27	46.15	111.44	93.72
RTX 5080	NVIDIA	gemma-3-270m-it	Q4_K_M	715.50	312.60	116.37	114.47
RTX 5080	NVIDIA	Qwen3-0.6B	Q4_K_M	258.70	45.80	116.68	99.72
RTX 5080	NVIDIA	granite-4.0-h-1b	Q4_K_M	895.65	329.88	100.50	94.48
RTX 5080	NVIDIA	Qwen3.5-2B	Q4_K_M	663.20	174.24	91.91	88.49
RTX 5080	NVIDIA	SmolLM3-3B	Q4_K_M	178.32	28.18	87.48	75.91
RTX 5080	NVIDIA	Ministral-3-3B-Instruct-2512	Q4_K_M	139.51	24.37	92.66	81.36
RTX 5080	NVIDIA	gemma-4-E2B-it	Q4_K_M	72.24	39.48	37.41	29.95
RTX 5080	NVIDIA	Llama-3.2-1B-Instruct	Q4_K_M	1888.47	1492.40	133.99	134.38
RX 7900 XT	AMD	LFM2.5-350M	Q4_K_M	3349.59	3263.06	92.57	92.21
RX 7900 XT	AMD	Bonsai-1.7B	Q1_0	881.24	862.25	80.24	74.72
RX 7900 XT	AMD	gemma-3-270m-it	Q4_K_M	7084.41	6214.96	76.84	75.73
RX 7900 XT	AMD	Qwen3-0.6B	Q4_K_M	2202.33	2138.52	80.71	75.96
RX 7900 XT	AMD	granite-4.0-h-1b	Q4_K_M	836.07	819.21	67.59	67.29
RX 7900 XT	AMD	Qwen3.5-2B	Q4_K_M	633.27	623.92	72.68	72.23
RX 7900 XT	AMD	SmolLM3-3B	Q4_K_M	436.92	433.81	68.25	60.87
RX 7900 XT	AMD	Ministral-3-3B-Instruct-2512	Q4_K_M	410.86	408.59	66.59	63.08
RX 7900 XT	AMD	gemma-4-E2B-it	Q4_K_M	33.95	15.83	19.08	18.62
RX 7900 XT	AMD	Llama-3.2-1B-Instruct	Q4_K_M	1189.70	1156.85	82.33	82.56
Arc B580	Intel	LFM2.5-350M	Q4_K_M	1696.30	1636.58	48.60	46.15
Arc B580	Intel	Bonsai-1.7B	Q1_0	673.64	347.94	37.99	34.13
Arc B580	Intel	gemma-3-270m-it	Q4_K_M	1856.98	750.19	39.66	38.72
Arc B580	Intel	Qwen3-0.6B	Q4_K_M	925.68	470.37	35.28	32.83
Arc B580	Intel	granite-4.0-h-1b	Q4_K_M	486.36	454.84	32.21	32.18
Arc B580	Intel	Qwen3.5-2B	Q4_K_M	409.57	334.60	35.48	35.48
Arc B580	Intel	SmolLM3-3B	Q4_K_M	258.50	192.41	30.16	26.28
Arc B580	Intel	Ministral-3-3B-Instruct-2512	Q4_K_M	238.97	162.59	28.89	25.16
Arc B580	Intel	gemma-4-E2B-it	Q4_K_M	50.90	42.13	14.73	13.54
Arc B580	Intel	Llama-3.2-1B-Instruct	Q4_K_M	686.00	513.35	39.38	36.25
Iris Xe (iGPU)	Intel	LFM2.5-350M	Q4_K_M	292.38	255.43	29.04	28.28
Iris Xe (iGPU)	Intel	Bonsai-1.7B	Q1_0	30.45	14.28	9.08	11.14
Iris Xe (iGPU)	Intel	gemma-3-270m-it	Q4_K_M	195.66	114.07	20.99	19.78
Iris Xe (iGPU)	Intel	Qwen3-0.6B	Q4_K_M	68.15	16.67	20.36	13.92
Iris Xe (iGPU)	Intel	granite-4.0-h-1b	Q4_K_M	71.82	56.21	12.51	11.80
Iris Xe (iGPU)	Intel	SmolLM3-3B	Q4_K_M	31.66	11.78	8.50	7.11
Iris Xe (iGPU)	Intel	Ministral-3-3B-Instruct-2512	Q4_K_M	17.94	3.33	8.81	5.27
Iris Xe (iGPU)	Intel	Llama-3.2-1B-Instruct	Q4_K_M	98.38	76.05	15.49	12.84
M-series (Safari)	Apple-Mac	LFM2.5-350M	Q4_K_M	118.38	73.49	27.22	16.96
M-series (Safari)	Apple-Mac	gemma-3-270m-it	Q4_K_M	1079.90	720.76	83.98	69.71
M-series (Safari)	Apple-Mac	Qwen3-0.6B	Q4_K_M	76.91	44.34	17.31	7.37
M-series (Safari)	Apple-Mac	Llama-3.2-1B-Instruct	Q4_K_M	152.50	133.40	62.04	34.59
M2	Apple-Mac	LFM2.5-350M	Q4_K_M	520.65	437.62	61.53	58.62
M2	Apple-Mac	Bonsai-1.7B	Q1_0	131.50	94.00	29.82	25.45
M2	Apple-Mac	gemma-3-270m-it	Q4_K_M	1107.49	509.38	57.11	52.73
M2	Apple-Mac	Qwen3-0.6B	Q4_K_M	254.86	144.09	34.34	27.44
M2	Apple-Mac	granite-4.0-h-1b	Q4_K_M	64.00	64.51	14.10	13.97
M2	Apple-Mac	Qwen3.5-2B	Q4_K_M	73.40	72.33	15.00	15.34
M2	Apple-Mac	SmolLM3-3B	Q4_K_M	54.73	40.48	13.39	11.60
M2	Apple-Mac	Ministral-3-3B-Instruct-2512	Q4_K_M	35.87	27.82	10.84	11.03
M2	Apple-Mac	gemma-4-E2B-it	Q4_K_M	34.84	23.20	10.31	10.86
M2	Apple-Mac	Llama-3.2-1B-Instruct	Q4_K_M	148.55	108.42	27.56	23.18
M3 (16 GB)	Apple-Mac	LFM2.5-350M	Q4_K_M	1060.81	759.22	149.26	137.04
M3 (16 GB)	Apple-Mac	Bonsai-1.7B	Q1_0	244.78	114.01	61.37	49.70
M3 (16 GB)	Apple-Mac	gemma-3-270m-it	Q4_K_M	1444.51	447.81	114.61	104.16
M3 (16 GB)	Apple-Mac	Qwen3-0.6B	Q4_K_M	386.53	137.59	84.66	60.67
M3 (16 GB)	Apple-Mac	granite-4.0-h-1b	Q4_K_M	210.22	187.06	40.61	39.32
M3 (16 GB)	Apple-Mac	Qwen3.5-2B	Q4_K_M	229.51	178.38	42.10	39.77
M3 (16 GB)	Apple-Mac	SmolLM3-3B	Q4_K_M	105.15	60.63	29.36	25.32
M3 (16 GB)	Apple-Mac	Ministral-3-3B-Instruct-2512	Q4_K_M	87.35	46.62	28.52	20.28
M3 (16 GB)	Apple-Mac	gemma-4-E2B-it	Q4_K_M	58.78	32.67	24.35	23.62
M3 (16 GB)	Apple-Mac	Llama-3.2-1B-Instruct	Q4_K_M	310.60	186.96	65.55	56.22
M4 (32 GB)	Apple-Mac	LFM2.5-350M	Q4_K_M	1946.87	1674.56	192.94	194.80
M4 (32 GB)	Apple-Mac	Bonsai-1.7B	Q1_0	533.68	358.48	94.81	81.76
M4 (32 GB)	Apple-Mac	gemma-3-270m-it	Q4_K_M	3641.37	1707.45	140.02	136.85
M4 (32 GB)	Apple-Mac	Qwen3-0.6B	Q4_K_M	973.26	519.79	114.01	93.85
M4 (32 GB)	Apple-Mac	granite-4.0-h-1b	Q4_K_M	396.06	373.86	64.71	61.26
M4 (32 GB)	Apple-Mac	Qwen3.5-2B	Q4_K_M	417.46	385.27	67.24	65.56
M4 (32 GB)	Apple-Mac	SmolLM3-3B	Q4_K_M	210.83	168.36	50.42	45.41
M4 (32 GB)	Apple-Mac	Ministral-3-3B-Instruct-2512	Q4_K_M	192.68	145.14	51.78	45.08
M4 (32 GB)	Apple-Mac	gemma-4-E2B-it	Q4_K_M	73.10	45.23	33.14	32.07
M4 (32 GB)	Apple-Mac	Llama-3.2-1B-Instruct	Q4_K_M	609.05	473.55	109.32	99.46
iPhone 15	Apple-iOS	LFM2.5-350M	Q4_K_M	71.37	62.37	22.77	15.36
iPhone 15	Apple-iOS	gemma-3-270m-it	Q4_K_M	315.55	161.13	28.84	16.67
iPhone 15	Apple-iOS	Qwen3-0.6B	Q4_K_M	47.04	36.81	14.38	6.33
iPhone 17 Pro Max	Apple-iOS	LFM2.5-350M	Q4_K_M	107.92	94.18	33.52	21.94
iPhone 17 Pro Max	Apple-iOS	Bonsai-1.7B	Q1_0	22.97	23.13	9.58	5.88
iPhone 17 Pro Max	Apple-iOS	gemma-3-270m-it	Q4_K_M	413.57	246.04	36.25	25.92
iPhone 17 Pro Max	Apple-iOS	Qwen3-0.6B	Q4_K_M	76.51	59.04	20.81	9.18
Adreno 7xx	Qualcomm	LFM2.5-350M	Q4_K_M	86.38	86.47	5.81	4.89
Adreno 7xx	Qualcomm	gemma-3-270m-it	Q4_K_M	89.24	67.54	3.05	3.07
Adreno 7xx	Qualcomm	Qwen3-0.6B	Q4_K_M	30.98	11.62	2.67	1.87
Snapdragon X Elite	Qualcomm	LFM2.5-350M	Q4_K_M	140.36	139.69	36.62	32.72
Snapdragon X Elite	Qualcomm	Bonsai-1.7B	Q1_0	25.11	10.91	3.08	3.84
Snapdragon X Elite	Qualcomm	gemma-3-270m-it	Q4_K_M	223.29	108.30	5.90	4.67
Snapdragon X Elite	Qualcomm	Qwen3-0.6B	Q4_K_M	47.30	14.28	17.05	14.20
Snapdragon X Elite	Qualcomm	granite-4.0-h-1b	Q4_K_M	28.70	24.88	14.24	13.16
Snapdragon X Elite	Qualcomm	Qwen3.5-2B	Q4_K_M	26.25	20.63	1.77	2.44
Snapdragon X Elite	Qualcomm	SmolLM3-3B	Q4_K_M	10.14	6.77	2.60	2.54
Snapdragon X Elite	Qualcomm	Ministral-3-3B-Instruct-2512	Q4_K_M	10.64	5.91	2.42	2.61
Snapdragon X Elite	Qualcomm	gemma-4-E2B-it	Q4_K_M	13.70	9.04	2.23	2.25
Snapdragon X Elite	Qualcomm	Llama-3.2-1B-Instruct	Q4_K_M	39.17	39.53	2.02	2.73
Galaxy S24	Samsung	LFM2.5-350M	Q4_K_M	136.83	109.46	8.41	8.35
Galaxy S24	Samsung	Bonsai-1.7B	Q1_0	29.14	40.90	4.86	3.63
Galaxy S24	Samsung	gemma-3-270m-it	Q4_K_M	158.87	99.43	7.62	6.90
Galaxy S24	Samsung	Qwen3-0.6B	Q4_K_M	68.75	82.97	6.53	4.39
Galaxy S24	Samsung	granite-4.0-h-1b	Q4_K_M	28.53	36.04	4.14	3.99
Galaxy S24	Samsung	Qwen3.5-2B	Q4_K_M	29.60	28.54	4.36	4.11
Galaxy S24	Samsung	Llama-3.2-1B-Instruct	Q4_K_M	59.51	67.18	6.94	5.48
Mali (Valhall)	ARM	LFM2.5-350M	Q4_K_M	46.32		7.36	
Mali (Valhall)	ARM	Qwen3-0.6B	Q4_K_M	17.95		5.78	
PowerVR D-series	Img Tec	LFM2.5-350M	Q4_K_M	34.02	30.86	2.82	2.26
PowerVR D-series	Img Tec	gemma-3-270m-it	Q4_K_M	72.27	67.87	2.89	
PowerVR D-series	Img Tec	Qwen3-0.6B	Q4_K_M	12.61	10.36	1.24	0.81
PowerVR D-series	Img Tec	Qwen3.5-2B	Q4_K_M	7.02	6.60	1.17	1.03
