timestamp,combined_mb,renderer_mb,gpu_mb,renderer_anon_mb,vram_mb
2026-05-11 13:52:13,303,89,162,47,52
2026-05-11 13:52:13,303,89,162,47,52
2026-05-11 13:52:13,303,89,162,47,52
2026-05-11 13:52:13,303,89,162,47,52
2026-05-11 13:52:14,303,89,162,47,52
2026-05-11 13:52:14,303,89,162,47,52
2026-05-11 13:52:14,303,89,162,47,52
2026-05-11 13:52:15,303,89,162,47,52
2026-05-11 13:52:15,303,89,162,47,52
2026-05-11 13:52:15,303,89,162,47,52
2026-05-11 13:52:16,303,89,162,47,52
2026-05-11 13:52:16,303,89,162,47,52
2026-05-11 13:52:16,303,89,162,47,52
2026-05-11 13:52:16,303,89,162,47,52
2026-05-11 13:52:17,303,89,162,47,52
2026-05-11 13:52:17,303,89,162,47,52
2026-05-11 13:52:17,303,89,162,47,52
2026-05-11 13:52:18,303,89,162,47,52
2026-05-11 13:52:18,303,89,162,47,52
2026-05-11 13:52:18,303,89,162,47,52
2026-05-11 13:52:19,303,89,162,47,52
2026-05-11 13:52:19,303,89,162,47,52
2026-05-11 13:52:19,303,89,162,47,52
2026-05-11 13:52:19,303,89,162,47,52
2026-05-11 13:52:20,303,89,162,47,52
2026-05-11 13:52:20,303,89,162,47,52
2026-05-11 13:52:20,304,89,162,47,53
2026-05-11 13:52:21,318,86,162,43,70
2026-05-11 13:52:21,311,86,162,44,63
2026-05-11 13:52:21,311,86,162,44,63
2026-05-11 13:52:21,311,86,162,44,63
2026-05-11 13:52:22,311,86,162,44,63
2026-05-11 13:52:22,311,86,162,44,63
2026-05-11 13:52:22,309,86,162,44,61
2026-05-11 13:52:23,311,86,162,44,63
2026-05-11 13:52:23,325,91,167,47,67
2026-05-11 13:52:23,347,109,170,64,68
2026-05-11 13:52:23,584,336,180,325,68
2026-05-11 13:52:24,1429,1181,180,1136,68
2026-05-11 13:52:24,4296,1682,180,1136,2434
2026-05-11 13:52:24,4567,1561,573,1135,2433
2026-05-11 13:52:25,4562,1550,579,1135,2433
2026-05-11 13:52:25,4574,1550,591,1135,2433
2026-05-11 13:52:25,4811,1550,636,1134,2625
2026-05-11 13:52:26,4745,1550,572,1135,2623
2026-05-11 13:52:26,4745,1550,572,1135,2623
2026-05-11 13:52:26,4745,1550,572,1135,2623
2026-05-11 13:52:27,4756,1550,572,1134,2634
2026-05-11 13:52:27,4756,1550,572,1134,2634
2026-05-11 13:52:27,4756,1550,572,1134,2634
2026-05-11 13:52:28,4756,1550,572,1134,2634
2026-05-11 13:52:28,4756,1550,572,1134,2634
2026-05-11 13:52:28,4756,1550,572,1134,2634
2026-05-11 13:52:28,4752,1548,572,1133,2632
2026-05-11 13:52:29,4753,1548,572,1133,2633
2026-05-11 13:52:29,4753,1548,572,1133,2633
2026-05-11 13:52:29,4752,1548,572,1133,2632
2026-05-11 13:52:30,4775,1569,572,1137,2634
2026-05-11 13:52:30,4792,1577,577,1144,2638
2026-05-11 13:52:30,4774,1556,580,1168,2638
2026-05-11 13:52:31,4883,1657,584,1241,2642
2026-05-11 13:52:31,4784,1554,588,1137,2642
2026-05-11 13:52:31,4787,1557,588,1140,2642
2026-05-11 13:52:32,4789,1559,588,1142,2642
2026-05-11 13:52:32,4792,1562,588,1146,2642
2026-05-11 13:52:32,4796,1566,588,1150,2642
2026-05-11 13:52:33,4791,1571,588,1153,2632
2026-05-11 13:52:33,4792,1571,589,1153,2632
2026-05-11 13:52:33,4791,1570,589,1153,2632
2026-05-11 13:52:33,4793,1572,589,1155,2632
2026-05-11 13:52:34,4794,1573,589,1156,2632
2026-05-11 13:52:34,4796,1572,590,1155,2634
2026-05-11 13:52:34,4797,1573,590,1156,2634
2026-05-11 13:52:35,4799,1576,591,1158,2632
2026-05-11 13:52:35,4802,1580,591,1164,2631
2026-05-11 13:52:35,4819,1596,592,1179,2631
2026-05-11 13:52:36,4819,1596,592,1180,2631
2026-05-11 13:52:36,4828,1599,596,1182,2633
2026-05-11 13:52:36,4831,1601,597,1185,2633
2026-05-11 13:52:37,4830,1601,597,1183,2632
2026-05-11 13:52:37,4830,1602,596,1183,2632
2026-05-11 13:52:37,4829,1601,596,1184,2632
2026-05-11 13:52:37,4831,1602,597,1185,2632
2026-05-11 13:52:38,4834,1604,598,1187,2632
2026-05-11 13:52:38,4835,1605,598,1188,2632
2026-05-11 13:52:38,4837,1606,599,1189,2632
2026-05-11 13:52:39,4837,1606,599,1189,2632
2026-05-11 13:52:39,4842,1608,600,1191,2634
2026-05-11 13:52:39,4844,1609,601,1191,2634
2026-05-11 13:52:40,4844,1609,601,1192,2634
2026-05-11 13:52:40,4851,1610,602,1193,2639
2026-05-11 13:52:40,4851,1610,602,1193,2639
2026-05-11 13:52:41,4851,1610,602,1193,2639
2026-05-11 13:52:41,4850,1610,601,1193,2639
2026-05-11 13:52:41,4850,1610,601,1193,2639
2026-05-11 13:52:41,4836,1610,601,1193,2625
2026-05-11 13:52:42,4834,1609,600,1192,2625
2026-05-11 13:52:42,4834,1609,600,1192,2625
2026-05-11 13:52:42,4834,1609,600,1192,2625
2026-05-11 13:52:43,4834,1609,600,1192,2625
2026-05-11 13:52:43,4834,1609,600,1192,2625
2026-05-11 13:52:43,4834,1609,600,1192,2625
2026-05-11 13:52:44,4834,1609,600,1192,2625
2026-05-11 13:52:44,4834,1609,600,1192,2625
2026-05-11 13:52:44,4834,1609,600,1192,2625
2026-05-11 13:52:45,4834,1609,600,1192,2625
2026-05-11 13:52:45,4834,1609,600,1192,2625
2026-05-11 13:52:45,4834,1609,600,1192,2625
2026-05-11 13:52:45,4834,1609,600,1192,2625
2026-05-11 13:52:46,4834,1609,600,1192,2625
2026-05-11 13:52:46,4834,1609,600,1192,2625
2026-05-11 13:52:46,4834,1609,600,1192,2625
2026-05-11 13:52:47,4834,1609,600,1192,2625
2026-05-11 13:52:47,4834,1609,600,1192,2625
2026-05-11 13:52:47,4834,1609,600,1192,2625
2026-05-11 13:52:48,4834,1609,600,1192,2625
2026-05-11 13:52:48,4834,1609,600,1192,2625
2026-05-11 13:52:48,4834,1609,600,1192,2625
2026-05-11 13:52:49,4834,1609,600,1192,2625
2026-05-11 13:52:49,4834,1609,600,1192,2625
2026-05-11 13:52:49,4834,1609,600,1192,2625
2026-05-11 13:52:50,4834,1609,600,1192,2625
2026-05-11 13:52:50,4834,1609,600,1192,2625
2026-05-11 13:52:50,4834,1609,600,1192,2625
2026-05-11 13:52:51,4834,1609,600,1192,2625
2026-05-11 13:52:51,4834,1609,600,1192,2625
2026-05-11 13:52:51,4834,1609,600,1192,2625
2026-05-11 13:52:52,4834,1609,600,1192,2625
2026-05-11 13:52:52,4834,1609,600,1192,2625
2026-05-11 13:52:52,4834,1609,600,1192,2625
2026-05-11 13:52:52,4834,1609,600,1192,2625
2026-05-11 13:52:53,4834,1609,600,1192,2625
2026-05-11 13:52:53,4796,1571,600,1153,2625
2026-05-11 13:52:53,4796,1571,600,1153,2625
2026-05-11 13:52:54,4794,1569,600,1152,2625
2026-05-11 13:52:54,4794,1569,600,1152,2625
2026-05-11 13:52:54,4794,1569,600,1152,2625
2026-05-11 13:52:55,4794,1569,600,1152,2625
2026-05-11 13:52:55,4794,1569,600,1152,2625
2026-05-11 13:52:55,4794,1569,600,1152,2625
2026-05-11 13:52:56,4794,1569,600,1152,2625
2026-05-11 13:52:56,4794,1569,600,1152,2625
2026-05-11 13:52:56,4794,1569,600,1152,2625
2026-05-11 13:52:57,4794,1569,600,1152,2625
2026-05-11 13:52:57,4794,1569,600,1152,2625
2026-05-11 13:52:57,4794,1569,600,1152,2625
2026-05-11 13:52:58,4794,1569,600,1152,2625
2026-05-11 13:52:58,4794,1569,600,1152,2625
2026-05-11 13:52:58,4794,1569,600,1152,2625
2026-05-11 13:52:59,4794,1569,600,1152,2625
2026-05-11 13:52:59,4794,1569,600,1152,2625
2026-05-11 13:52:59,4794,1569,600,1152,2625
2026-05-11 13:53:00,4794,1569,600,1152,2625
2026-05-11 13:53:00,4794,1569,600,1152,2625
2026-05-11 13:53:00,4794,1569,600,1152,2625
2026-05-11 13:53:00,4794,1569,600,1152,2625
2026-05-11 13:53:01,4794,1569,600,1152,2625
2026-05-11 13:53:01,4794,1569,600,1152,2625
2026-05-11 13:53:01,4794,1569,600,1152,2625
2026-05-11 13:53:02,4794,1569,600,1152,2625
2026-05-11 13:53:02,4794,1569,600,1152,2625
2026-05-11 13:53:02,4794,1569,600,1152,2625
2026-05-11 13:53:03,4794,1569,600,1152,2625
2026-05-11 13:53:03,4794,1569,600,1152,2625
2026-05-11 13:53:03,4794,1569,600,1152,2625
2026-05-11 13:53:04,4794,1569,600,1151,2625
2026-05-11 13:53:04,4794,1569,600,1151,2625
2026-05-11 13:53:04,4794,1569,600,1151,2625
2026-05-11 13:53:05,4794,1569,600,1151,2625
2026-05-11 13:53:05,4794,1569,600,1151,2625
2026-05-11 13:53:05,4794,1569,600,1151,2625
2026-05-11 13:53:06,4794,1569,600,1151,2625
2026-05-11 13:53:06,4794,1569,600,1151,2625
2026-05-11 13:53:06,4794,1569,600,1151,2625
2026-05-11 13:53:07,4794,1569,600,1151,2625
2026-05-11 13:53:07,4794,1569,600,1151,2625
2026-05-11 13:53:07,4794,1569,600,1151,2625
2026-05-11 13:53:08,4794,1569,600,1151,2625
2026-05-11 13:53:08,4794,1569,600,1151,2625
2026-05-11 13:53:08,4794,1569,600,1151,2625
2026-05-11 13:53:08,4794,1569,600,1151,2625
2026-05-11 13:53:09,4794,1569,600,1151,2625
2026-05-11 13:53:09,4794,1569,600,1151,2625
2026-05-11 13:53:09,4794,1569,600,1151,2625
2026-05-11 13:53:10,4794,1569,600,1151,2625
2026-05-11 13:53:10,4794,1569,600,1151,2625
2026-05-11 13:53:10,4794,1569,600,1151,2625
2026-05-11 13:53:11,4794,1569,600,1151,2625
2026-05-11 13:53:11,4794,1569,600,1151,2625
2026-05-11 13:53:11,4794,1569,600,1151,2625
2026-05-11 13:53:12,4794,1569,600,1151,2625
2026-05-11 13:53:12,4794,1569,600,1151,2625
2026-05-11 13:53:12,4794,1569,600,1151,2625
2026-05-11 13:53:13,4794,1569,600,1151,2625
2026-05-11 13:53:13,4794,1569,600,1151,2625
2026-05-11 13:53:13,4794,1569,600,1151,2625
2026-05-11 13:53:14,4794,1569,600,1151,2625
2026-05-11 13:53:14,4794,1569,600,1151,2625
2026-05-11 13:53:14,4794,1569,600,1151,2625
2026-05-11 13:53:15,4794,1569,600,1151,2625
2026-05-11 13:53:15,4794,1569,600,1151,2625
2026-05-11 13:53:15,4794,1569,600,1151,2625
2026-05-11 13:53:15,4794,1569,600,1151,2625
2026-05-11 13:53:16,4794,1569,600,1151,2625
2026-05-11 13:53:16,4794,1569,600,1151,2625
2026-05-11 13:53:16,4794,1569,600,1151,2625
2026-05-11 13:53:17,4794,1569,600,1151,2625
2026-05-11 13:53:17,4794,1569,600,1151,2625
2026-05-11 13:53:17,4794,1569,600,1151,2625
2026-05-11 13:53:18,4794,1569,600,1151,2625
2026-05-11 13:53:18,4794,1569,600,1151,2625
2026-05-11 13:53:18,4794,1569,600,1151,2625
2026-05-11 13:53:19,4794,1569,600,1151,2625
2026-05-11 13:53:19,4794,1569,600,1151,2625
2026-05-11 13:53:19,4794,1569,600,1151,2625
2026-05-11 13:53:20,4794,1569,600,1151,2625
2026-05-11 13:53:20,4794,1569,600,1151,2625
2026-05-11 13:53:20,4794,1569,600,1151,2625
2026-05-11 13:53:21,4794,1569,600,1151,2625
2026-05-11 13:53:21,4794,1569,600,1151,2625
2026-05-11 13:53:21,4794,1569,600,1151,2625
2026-05-11 13:53:22,4794,1569,600,1151,2625
2026-05-11 13:53:22,4794,1569,600,1151,2625
2026-05-11 13:53:22,4794,1569,600,1151,2625
2026-05-11 13:53:23,4794,1569,600,1151,2625
2026-05-11 13:53:23,4794,1569,600,1151,2625
2026-05-11 13:53:23,4794,1569,600,1151,2625
2026-05-11 13:53:23,4794,1569,600,1151,2625
2026-05-11 13:53:24,4794,1569,600,1151,2625
2026-05-11 13:53:24,4794,1569,600,1151,2625
2026-05-11 13:53:24,4794,1569,600,1151,2625
2026-05-11 13:53:25,4794,1569,600,1151,2625
2026-05-11 13:53:25,4794,1569,600,1151,2625
2026-05-11 13:53:25,4794,1569,600,1151,2625
2026-05-11 13:53:26,4794,1569,600,1151,2625
2026-05-11 13:53:26,4794,1569,600,1151,2625
2026-05-11 13:53:26,4794,1569,600,1151,2625
2026-05-11 13:53:27,4794,1569,600,1151,2625
2026-05-11 13:53:27,4794,1569,600,1151,2625
2026-05-11 13:53:27,4794,1569,600,1151,2625
2026-05-11 13:53:28,4794,1569,600,1151,2625
2026-05-11 13:53:28,4794,1569,600,1151,2625
2026-05-11 13:53:28,4794,1569,600,1151,2625
2026-05-11 13:53:29,4794,1569,600,1151,2625
2026-05-11 13:53:29,4794,1569,600,1151,2625
2026-05-11 13:53:29,4794,1569,600,1151,2625
2026-05-11 13:53:30,4794,1569,600,1151,2625
2026-05-11 13:53:30,4794,1569,600,1151,2625
2026-05-11 13:53:30,4794,1569,600,1151,2625
2026-05-11 13:53:31,4794,1569,600,1151,2625
2026-05-11 13:53:31,4794,1569,600,1151,2625
2026-05-11 13:53:31,4794,1569,600,1151,2625
2026-05-11 13:53:31,4794,1569,600,1151,2625
2026-05-11 13:53:32,4794,1569,600,1151,2625
2026-05-11 13:53:32,4794,1569,600,1151,2625
2026-05-11 13:53:32,4794,1569,600,1151,2625
2026-05-11 13:53:33,4794,1569,600,1151,2625
2026-05-11 13:53:33,4794,1569,600,1151,2625
2026-05-11 13:53:33,4794,1569,600,1151,2625
2026-05-11 13:53:34,4794,1569,600,1151,2625
2026-05-11 13:53:34,4794,1569,600,1151,2625
2026-05-11 13:53:34,4794,1569,600,1151,2625
2026-05-11 13:53:35,4794,1569,600,1151,2625
2026-05-11 13:53:35,4794,1569,600,1151,2625
2026-05-11 13:53:35,4794,1569,600,1151,2625
2026-05-11 13:53:36,4794,1569,600,1151,2625
2026-05-11 13:53:36,4794,1569,600,1151,2625
2026-05-11 13:53:36,4794,1569,600,1151,2625
2026-05-11 13:53:37,4794,1569,600,1151,2625
2026-05-11 13:53:37,4794,1569,600,1151,2625
2026-05-11 13:53:37,4794,1569,600,1151,2625
2026-05-11 13:53:38,4794,1569,600,1151,2625
2026-05-11 13:53:38,4794,1569,600,1151,2625
2026-05-11 13:53:38,4794,1569,600,1151,2625
2026-05-11 13:53:39,4794,1569,600,1151,2625
2026-05-11 13:53:39,4794,1569,600,1151,2625
2026-05-11 13:53:39,4794,1569,600,1151,2625
2026-05-11 13:53:40,4794,1569,600,1151,2625
2026-05-11 13:53:40,4794,1569,600,1151,2625
2026-05-11 13:53:40,4794,1569,600,1151,2625
2026-05-11 13:53:40,4794,1569,600,1151,2625
2026-05-11 13:53:41,4794,1569,600,1151,2625
2026-05-11 13:53:41,4794,1569,600,1151,2625
2026-05-11 13:53:41,4794,1569,600,1151,2625
2026-05-11 13:53:42,4794,1569,600,1151,2625
2026-05-11 13:53:42,4794,1569,600,1151,2625
2026-05-11 13:53:42,4794,1569,600,1151,2625
2026-05-11 13:53:43,4794,1569,600,1151,2625
2026-05-11 13:53:43,4794,1569,600,1151,2625
2026-05-11 13:53:43,4794,1569,600,1151,2625
2026-05-11 13:53:44,4794,1569,600,1151,2625
2026-05-11 13:53:44,4794,1569,600,1151,2625
2026-05-11 13:53:44,4794,1569,600,1151,2625
2026-05-11 13:53:45,4794,1569,600,1151,2625
2026-05-11 13:53:45,4794,1569,600,1151,2625
2026-05-11 13:53:45,4794,1569,600,1151,2625
2026-05-11 13:53:46,4794,1569,600,1151,2625
2026-05-11 13:53:46,4794,1569,600,1151,2625
2026-05-11 13:53:46,4794,1569,600,1151,2625
2026-05-11 13:53:47,4794,1569,600,1151,2625
2026-05-11 13:53:47,4794,1569,600,1151,2625
2026-05-11 13:53:47,4794,1569,600,1151,2625
2026-05-11 13:53:47,4794,1569,600,1151,2625
2026-05-11 13:53:48,4794,1569,600,1151,2625
2026-05-11 13:53:48,4794,1569,600,1151,2625
2026-05-11 13:53:48,4794,1569,600,1151,2625
2026-05-11 13:53:49,4794,1569,600,1151,2625
2026-05-11 13:53:49,4794,1569,600,1151,2625
2026-05-11 13:53:49,4794,1569,600,1151,2625
2026-05-11 13:53:50,4794,1569,600,1151,2625
2026-05-11 13:53:50,4794,1569,600,1151,2625
2026-05-11 13:53:50,4794,1569,600,1151,2625
2026-05-11 13:53:51,4794,1569,600,1151,2625
2026-05-11 13:53:51,4794,1569,600,1151,2625
2026-05-11 13:53:51,4794,1569,600,1151,2625
2026-05-11 13:53:52,4794,1569,600,1151,2625
2026-05-11 13:53:52,4794,1569,600,1151,2625
2026-05-11 13:53:52,4794,1569,600,1151,2625
2026-05-11 13:53:53,4794,1569,600,1151,2625
2026-05-11 13:53:53,4794,1569,600,1151,2625
2026-05-11 13:53:53,4794,1569,600,1151,2625
2026-05-11 13:53:54,4794,1569,600,1151,2625
2026-05-11 13:53:54,4794,1569,600,1151,2625
2026-05-11 13:53:54,4794,1569,600,1151,2625
2026-05-11 13:53:55,4794,1569,600,1151,2625
2026-05-11 13:53:55,4794,1569,600,1151,2625
2026-05-11 13:53:55,4794,1569,600,1151,2625
2026-05-11 13:53:56,4794,1569,600,1151,2625
2026-05-11 13:53:56,4794,1569,600,1151,2625
2026-05-11 13:53:56,4794,1569,600,1151,2625
2026-05-11 13:53:57,4794,1569,600,1151,2625
2026-05-11 13:53:57,4794,1569,600,1151,2625
2026-05-11 13:53:57,4794,1569,600,1151,2625
2026-05-11 13:53:57,4794,1569,600,1151,2625
2026-05-11 13:53:58,4794,1569,600,1151,2625
2026-05-11 13:53:58,4794,1569,600,1151,2625
2026-05-11 13:53:58,4794,1569,600,1151,2625
2026-05-11 13:53:59,4794,1569,600,1151,2625
2026-05-11 13:53:59,4794,1569,600,1151,2625
2026-05-11 13:53:59,4794,1569,600,1151,2625
2026-05-11 13:54:00,4794,1569,600,1151,2625
2026-05-11 13:54:00,4794,1569,600,1151,2625
2026-05-11 13:54:00,4794,1569,600,1151,2625
2026-05-11 13:54:01,4794,1569,600,1151,2625
2026-05-11 13:54:01,4794,1569,600,1151,2625
2026-05-11 13:54:01,4794,1569,600,1151,2625
2026-05-11 13:54:02,4794,1569,600,1151,2625
2026-05-11 13:54:02,4794,1569,600,1151,2625
2026-05-11 13:54:02,4794,1569,600,1151,2625
2026-05-11 13:54:03,4794,1569,600,1151,2625
2026-05-11 13:54:03,4794,1569,600,1151,2625
2026-05-11 13:54:03,4794,1569,600,1151,2625
2026-05-11 13:54:04,4794,1569,600,1151,2625
2026-05-11 13:54:04,4794,1569,600,1151,2625
2026-05-11 13:54:04,4794,1569,600,1151,2625
2026-05-11 13:54:05,4794,1569,600,1151,2625
2026-05-11 13:54:05,4794,1569,600,1151,2625
2026-05-11 13:54:05,4794,1569,600,1151,2625
2026-05-11 13:54:05,4794,1569,600,1151,2625
2026-05-11 13:54:06,4794,1569,600,1151,2625
2026-05-11 13:54:06,4794,1569,600,1151,2625
2026-05-11 13:54:06,4794,1569,600,1151,2625
2026-05-11 13:54:07,4794,1569,600,1151,2625
2026-05-11 13:54:07,4794,1569,600,1151,2625
2026-05-11 13:54:07,4794,1569,600,1151,2625
2026-05-11 13:54:08,4794,1569,600,1151,2625
2026-05-11 13:54:08,4794,1569,600,1151,2625
2026-05-11 13:54:08,4794,1569,600,1151,2625
2026-05-11 13:54:09,4794,1569,600,1151,2625
2026-05-11 13:54:09,4794,1569,600,1151,2625
2026-05-11 13:54:09,4794,1569,600,1151,2625
2026-05-11 13:54:10,4794,1569,600,1151,2625
2026-05-11 13:54:10,4794,1569,600,1151,2625
2026-05-11 13:54:10,4794,1569,600,1151,2625
2026-05-11 13:54:11,4794,1569,600,1151,2625
2026-05-11 13:54:11,4794,1569,600,1151,2625
2026-05-11 13:54:11,4794,1569,600,1151,2625
2026-05-11 13:54:12,4794,1569,600,1151,2625
2026-05-11 13:54:12,4794,1569,600,1151,2625
2026-05-11 13:54:12,4794,1569,600,1151,2625
