timestamp,r21672_ws_mb,r21672_priv_mb,r9092_ws_mb,r9092_priv_mb,r17084_ws_mb,r17084_priv_mb,r16948_ws_mb,r16948_priv_mb,gpu_ws_mb,gpu_vram_mb
2026-05-12 14:19:09,103,53,101,32,0,0,29,16,172,326
2026-05-12 14:19:11,103,53,102,32,0,0,29,16,176,327
2026-05-12 14:19:12,103,53,104,33,0,0,117,76,183,296
2026-05-12 14:19:13,103,53,104,33,0,0,171,114,219,296
2026-05-12 14:19:15,103,53,104,33,0,0,176,118,221,302
2026-05-12 14:19:16,103,53,104,33,0,0,177,119,219,302
2026-05-12 14:19:17,103,53,105,34,0,0,168,109,219,301
2026-05-12 14:19:18,103,53,105,34,0,0,281,385,234,287
2026-05-12 14:19:20,103,53,105,34,0,0,5151,5748,237,967
2026-05-12 14:19:21,103,53,105,33,0,0,3438,3889,933,1449
2026-05-12 14:19:22,103,53,104,32,0,0,3004,3455,1104,1913
2026-05-12 14:19:24,103,53,104,32,0,0,3082,3564,1376,2403
2026-05-12 14:19:25,103,53,104,32,0,0,3226,3677,1596,3133
2026-05-12 14:19:26,103,53,104,32,0,0,3132,3583,1784,3656
2026-05-12 14:19:27,103,53,104,32,0,0,2906,3355,1806,3708
2026-05-12 14:19:29,103,53,104,32,0,0,2917,3365,1839,4372
2026-05-12 14:19:30,103,53,104,32,0,0,2965,3416,1906,4981
2026-05-12 14:19:31,103,53,104,32,0,0,3002,3453,1905,4981
2026-05-12 14:19:33,103,53,104,32,0,0,3021,3473,1917,4981
2026-05-12 14:19:34,103,53,104,32,0,0,3048,3500,1934,4982
2026-05-12 14:19:35,103,53,104,32,0,0,3065,3519,1959,5530
2026-05-12 14:19:37,103,53,104,32,0,0,3087,3540,2020,6138
2026-05-12 14:19:38,103,53,104,32,0,0,3125,3578,2081,6642
2026-05-12 14:19:39,103,53,104,32,0,0,3158,3603,2031,6642
2026-05-12 14:19:40,103,53,104,32,0,0,3174,3623,2023,6642
2026-05-12 14:19:42,103,53,104,32,0,0,3188,3636,2032,6676
2026-05-12 14:19:43,103,53,103,31,0,0,3197,3647,2071,6674
2026-05-12 14:19:44,103,53,103,31,0,0,3197,3647,2071,6670
2026-05-12 14:19:46,103,53,103,31,0,0,3187,3635,2068,6669
2026-05-12 14:19:47,103,53,103,31,0,0,3187,3635,2066,6664
2026-05-12 14:19:48,103,53,103,31,0,0,3187,3635,2065,6663
2026-05-12 14:19:49,103,53,103,31,0,0,3185,3633,2060,6636
2026-05-12 14:19:51,103,53,103,31,0,0,2966,3412,1981,6633
2026-05-12 14:19:52,103,53,103,31,0,0,2966,3412,1975,6633
2026-05-12 14:19:53,103,53,103,31,0,0,2947,3393,1969,6633
2026-05-12 14:19:55,103,53,103,31,0,0,2947,3393,1957,6633
2026-05-12 14:19:56,103,53,103,31,0,0,2947,3393,1951,6633
2026-05-12 14:19:57,103,53,103,31,0,0,2941,3387,1945,6633
2026-05-12 14:19:58,103,53,103,31,0,0,2941,3387,1933,6633
2026-05-12 14:20:00,103,53,103,31,0,0,2941,3387,1928,6633
2026-05-12 14:20:01,103,53,103,31,0,0,2941,3387,1928,6633
2026-05-12 14:20:02,103,53,103,31,0,0,2941,3387,1928,6633
2026-05-12 14:20:04,103,53,103,31,0,0,2941,3387,1928,6633
2026-05-12 14:20:05,103,53,103,31,0,0,2941,3387,1928,6633
2026-05-12 14:20:06,103,53,103,31,0,0,2938,3385,1928,6633
2026-05-12 14:20:07,103,53,103,31,0,0,2938,3386,1923,6633
2026-05-12 14:20:09,103,53,103,31,0,0,2938,3386,1923,6633
2026-05-12 14:20:10,103,53,103,31,0,0,2938,3385,1923,6633
2026-05-12 14:20:11,103,53,103,31,0,0,2938,3385,1920,6633
2026-05-12 14:20:13,103,53,103,31,0,0,2938,3385,1920,6633
2026-05-12 14:20:14,103,53,103,31,0,0,2938,3386,1920,6633
2026-05-12 14:20:15,103,53,103,31,0,0,2938,3385,1920,6633
2026-05-12 14:20:17,103,53,103,31,0,0,2938,3385,1920,6633
2026-05-12 14:20:18,103,53,103,31,0,0,2938,3385,1920,6633
2026-05-12 14:20:19,103,53,103,31,0,0,2938,3385,1920,6633
2026-05-12 14:20:20,103,53,103,31,0,0,2938,3385,1920,6633
2026-05-12 14:20:22,103,53,103,31,0,0,2938,3385,1920,6633
2026-05-12 14:20:23,103,53,103,31,0,0,2938,3385,1919,6633
2026-05-12 14:20:24,103,53,103,31,0,0,2938,3385,1919,6633
2026-05-12 14:20:26,103,53,103,31,0,0,2938,3385,1919,6633
2026-05-12 14:20:27,103,53,103,31,0,0,2938,3385,1919,6633
2026-05-12 14:20:28,103,53,103,31,0,0,2938,3385,1919,6633
2026-05-12 14:20:29,103,53,103,31,0,0,2938,3385,1919,6633
2026-05-12 14:20:31,103,53,103,31,0,0,2938,3385,1919,6633
2026-05-12 14:20:32,103,53,103,31,0,0,2938,3385,1919,6633
2026-05-12 14:20:33,103,53,103,31,0,0,2938,3385,1919,6633
2026-05-12 14:20:35,103,53,103,31,0,0,2938,3385,1918,6633
2026-05-12 14:20:36,103,53,103,31,0,0,2938,3385,1913,6633
2026-05-12 14:20:37,103,53,103,31,0,0,2938,3385,1907,6633
2026-05-12 14:20:38,103,53,103,31,0,0,2938,3385,1895,6633
2026-05-12 14:20:40,103,53,103,31,0,0,2938,3385,1895,6633
2026-05-12 14:20:41,103,53,103,31,0,0,2938,3386,1895,6633
2026-05-12 14:20:42,103,53,103,31,0,0,2938,3386,1895,6633
2026-05-12 14:20:44,103,53,103,31,0,0,2938,3386,1895,6633
2026-05-12 14:20:45,103,53,103,31,0,0,2938,3385,1895,6633
2026-05-12 14:20:46,103,53,103,31,0,0,2938,3385,1895,6633
2026-05-12 14:20:47,103,53,103,31,0,0,2938,3385,1895,6633
2026-05-12 14:20:49,103,53,103,31,0,0,2938,3385,1895,6633
2026-05-12 14:20:50,103,53,103,31,0,0,2938,3385,1895,6633
2026-05-12 14:20:51,103,53,103,31,0,0,2938,3385,1895,6633
2026-05-12 14:20:53,103,53,103,31,0,0,2938,3385,1895,6633
2026-05-12 14:20:54,103,53,103,31,0,0,2938,3385,1895,6633
2026-05-12 14:20:55,103,53,103,31,0,0,2938,3385,1895,6633
2026-05-12 14:20:57,103,53,103,31,0,0,2938,3385,1895,6633
2026-05-12 14:20:58,103,53,103,31,0,0,2938,3385,1895,6633
2026-05-12 14:20:59,103,53,103,31,0,0,2938,3385,1895,6633
2026-05-12 14:21:00,103,53,103,31,0,0,2938,3385,1895,6633
2026-05-12 14:21:02,103,53,103,31,0,0,2938,3385,1895,6633
2026-05-12 14:21:03,103,53,103,31,0,0,2938,3385,1895,6633
2026-05-12 14:21:04,103,53,103,31,0,0,2938,3385,1895,6633
2026-05-12 14:21:06,103,53,103,31,0,0,2938,3385,1895,6633
2026-05-12 14:21:07,103,53,103,31,0,0,2938,3385,1895,6633
2026-05-12 14:21:08,103,53,103,31,0,0,2938,3385,1895,6633
2026-05-12 14:21:09,103,53,103,31,0,0,2938,3385,1895,6633
2026-05-12 14:21:11,103,53,103,31,0,0,2937,3384,1895,6633
2026-05-12 14:21:12,103,53,103,31,0,0,2937,3384,1895,6633
2026-05-12 14:21:13,103,53,103,31,0,0,2937,3384,1895,6633
2026-05-12 14:21:15,103,53,103,31,0,0,2937,3384,1895,6633
2026-05-12 14:21:16,103,53,103,31,0,0,2937,3384,1895,6633
2026-05-12 14:21:17,103,53,103,31,0,0,2937,3384,1895,6633
2026-05-12 14:21:18,103,53,103,31,0,0,2937,3384,1895,6663
2026-05-12 14:21:20,103,53,103,31,0,0,2939,3387,1898,6669
2026-05-12 14:21:21,103,53,103,31,0,0,2939,3387,1898,6669
2026-05-12 14:21:22,103,53,103,31,0,0,2939,3387,1898,6669
2026-05-12 14:21:24,103,53,103,31,0,0,2939,3387,1897,6669
2026-05-12 14:21:25,103,53,82,30,0,0,2939,3387,1897,6669
2026-05-12 14:21:26,103,53,82,30,0,0,2939,3387,1897,6669
2026-05-12 14:21:27,103,53,82,30,0,0,2939,3387,1897,6669
2026-05-12 14:21:29,103,53,82,30,0,0,2939,3387,1897,6669
2026-05-12 14:21:30,103,53,82,30,0,0,2939,3387,1897,6669
2026-05-12 14:21:31,103,53,82,30,0,0,2937,3385,1897,6669
2026-05-12 14:21:32,103,53,82,30,0,0,2937,3385,1897,6669
2026-05-12 14:21:34,103,53,82,30,0,0,2937,3385,1897,6669
2026-05-12 14:21:35,103,53,82,30,0,0,2937,3385,1897,6669
2026-05-12 14:21:36,103,53,82,30,0,0,2937,3385,1897,6669
2026-05-12 14:21:38,103,53,82,30,0,0,2937,3385,1897,6669
2026-05-12 14:21:39,103,53,82,30,0,0,2937,3385,1897,6669
2026-05-12 14:21:40,103,53,82,30,0,0,2937,3385,1897,6669
2026-05-12 14:21:41,103,53,82,30,0,0,2937,3385,1897,6669
2026-05-12 14:21:43,103,53,82,30,0,0,2937,3385,1897,6669
2026-05-12 14:21:44,103,53,82,30,0,0,2937,3385,1897,6669
2026-05-12 14:21:45,103,53,82,30,0,0,2937,3385,1897,6669
2026-05-12 14:21:47,103,53,82,30,0,0,2937,3385,1897,6669
2026-05-12 14:21:48,103,53,82,30,0,0,2937,3385,1897,6669
2026-05-12 14:21:49,103,53,82,30,0,0,2937,3385,1897,6669
2026-05-12 14:21:50,103,53,82,30,0,0,2937,3385,1897,6669
2026-05-12 14:21:52,103,53,82,30,0,0,2938,3386,1897,6669
2026-05-12 14:21:53,103,52,82,30,0,0,2938,3386,1897,6669
2026-05-12 14:21:54,103,52,82,30,0,0,2938,3386,1897,6669
2026-05-12 14:21:56,103,52,82,30,0,0,2938,3386,1897,6669
2026-05-12 14:21:57,103,52,82,30,0,0,2938,3386,1897,6669
2026-05-12 14:21:58,103,52,82,30,0,0,2938,3386,1897,6669
2026-05-12 14:21:59,103,52,82,30,0,0,2938,3386,1897,6669
2026-05-12 14:22:01,103,52,82,30,0,0,2938,3386,1897,6669
2026-05-12 14:22:02,103,52,82,30,0,0,2938,3386,1897,6669
2026-05-12 14:22:03,103,52,82,30,0,0,2938,3386,1897,6669
2026-05-12 14:22:05,103,52,82,30,0,0,2938,3386,1897,6669
2026-05-12 14:22:06,103,52,82,30,0,0,2938,3386,1897,6669
2026-05-12 14:22:07,103,52,82,30,0,0,2938,3386,1897,6669
2026-05-12 14:22:08,103,52,82,30,0,0,2938,3386,1897,6669
2026-05-12 14:22:10,103,52,82,30,0,0,2938,3386,1897,6669
2026-05-12 14:22:11,103,52,82,30,0,0,2938,3386,1892,6669
2026-05-12 14:22:12,103,52,82,30,0,0,2938,3386,1887,6669
2026-05-12 14:22:14,103,52,82,30,0,0,2938,3386,1875,6669
2026-05-12 14:22:15,103,52,82,30,0,0,2938,3386,1870,6669
2026-05-12 14:22:16,103,52,82,30,0,0,2938,3386,1864,6669
2026-05-12 14:22:17,103,52,82,30,0,0,2938,3386,1853,6669
2026-05-12 14:22:19,103,52,82,30,0,0,2938,3386,1849,6669
2026-05-12 14:22:20,103,52,82,30,0,0,2938,3386,1844,6669
2026-05-12 14:22:21,103,52,82,30,0,0,2938,3386,1838,6669
2026-05-12 14:22:23,103,52,82,30,0,0,2938,3386,1827,6669
2026-05-12 14:22:24,103,52,82,30,0,0,2938,3386,1821,6669
2026-05-12 14:22:25,103,52,82,30,0,0,2938,3386,1816,6669
2026-05-12 14:22:27,103,52,82,30,0,0,2938,3386,1805,6669
2026-05-12 14:22:28,103,52,82,30,0,0,2938,3386,1800,6669
2026-05-12 14:22:29,103,52,82,30,0,0,2938,3386,1794,6669
2026-05-12 14:22:30,102,52,82,30,0,0,2938,3386,1789,6669
2026-05-12 14:22:32,102,52,82,30,0,0,2938,3386,1778,6669
2026-05-12 14:22:33,102,52,82,30,0,0,2938,3386,1773,6669
2026-05-12 14:22:34,102,52,82,30,0,0,2938,3386,1767,6669
2026-05-12 14:22:36,102,52,82,30,0,0,2938,3386,1757,6669
2026-05-12 14:22:37,102,52,82,30,0,0,2938,3386,1752,6669
2026-05-12 14:22:38,102,52,82,30,0,0,2938,3386,1746,6669
2026-05-12 14:22:39,102,52,82,30,0,0,2938,3386,1741,6669
2026-05-12 14:22:41,102,52,82,30,0,0,2938,3386,1730,6669
2026-05-12 14:22:42,101,52,82,30,0,0,2938,3386,1728,6669
2026-05-12 14:22:43,101,52,82,30,0,0,2938,3386,1723,6669
2026-05-12 14:22:45,101,52,82,30,0,0,2938,3386,1712,6669
2026-05-12 14:22:46,100,52,82,30,0,0,2938,3386,1707,6669
2026-05-12 14:22:47,100,52,82,30,0,0,2938,3386,1702,6669
2026-05-12 14:22:48,100,52,82,30,0,0,2938,3386,1697,6669
2026-05-12 14:22:50,100,52,82,30,0,0,2938,3386,1687,6669
2026-05-12 14:22:51,100,52,82,30,0,0,2938,3386,1682,6669
2026-05-12 14:22:52,100,52,82,30,0,0,2938,3386,1677,6669
2026-05-12 14:22:54,100,52,82,30,0,0,2938,3386,1667,6669
2026-05-12 14:22:55,100,52,82,30,0,0,2938,3386,1661,6669
2026-05-12 14:22:56,100,52,82,30,0,0,2938,3386,1657,6669
2026-05-12 14:22:57,100,52,82,30,0,0,2938,3386,1652,6669
2026-05-12 14:22:59,100,52,82,30,0,0,2938,3386,1642,6669
2026-05-12 14:23:00,100,52,82,30,0,0,2938,3386,1637,6669
2026-05-12 14:23:01,100,52,82,30,0,0,2938,3386,1636,6669
2026-05-12 14:23:03,100,52,82,30,0,0,2941,3388,1626,6680
2026-05-12 14:23:04,100,52,82,30,0,0,2946,3392,1625,6678
2026-05-12 14:23:05,100,52,82,30,0,0,2949,3394,1621,6678
2026-05-12 14:23:06,100,52,82,30,0,0,2945,3392,1608,6679
2026-05-12 14:23:08,100,52,82,30,0,0,2945,3392,1603,6679
2026-05-12 14:23:09,100,52,82,30,0,0,2945,3392,1598,6679
2026-05-12 14:23:10,100,52,82,30,0,0,2945,3392,1593,6679
2026-05-12 14:23:12,100,52,82,30,0,0,2945,3392,1583,6679
2026-05-12 14:23:13,100,52,82,30,0,0,2945,3392,1578,6679
2026-05-12 14:23:14,100,52,82,30,0,0,2945,3392,1574,6679
2026-05-12 14:23:15,100,52,82,30,0,0,2945,3392,1569,6679
2026-05-12 14:23:17,100,52,82,30,0,0,2945,3392,1559,6679
2026-05-12 14:23:18,100,52,82,30,0,0,2945,3392,1555,6679
2026-05-12 14:23:19,100,52,82,30,0,0,2945,3392,1550,6679
2026-05-12 14:23:20,100,52,82,30,0,0,2945,3392,1541,6679
2026-05-12 14:23:22,100,52,82,30,0,0,2945,3392,1536,6679
2026-05-12 14:23:23,100,52,82,30,0,0,2945,3392,1531,6679
2026-05-12 14:23:24,100,52,82,30,0,0,2945,3392,1527,6679
2026-05-12 14:23:26,100,52,82,30,0,0,2945,3392,1518,6679
2026-05-12 14:23:27,100,52,82,30,0,0,2945,3392,1513,6679
2026-05-12 14:23:28,100,52,82,30,0,0,2945,3392,1508,6679
2026-05-12 14:23:29,100,52,82,30,0,0,2945,3392,1499,6679
2026-05-12 14:23:31,100,52,82,30,0,0,2945,3392,1495,6679
2026-05-12 14:23:32,100,52,82,30,0,0,2945,3392,1490,6679
2026-05-12 14:23:33,100,52,82,30,0,0,2945,3392,1486,6679
2026-05-12 14:23:35,100,52,82,30,0,0,2945,3392,1477,6679
2026-05-12 14:23:36,100,52,82,30,0,0,2945,3392,1472,6679
2026-05-12 14:23:37,100,52,82,30,0,0,2945,3392,1468,6679
2026-05-12 14:23:38,100,52,82,30,0,0,2945,3392,1459,6679
2026-05-12 14:23:40,100,52,81,30,0,0,2945,3392,1458,6679
2026-05-12 14:23:41,100,52,81,30,0,0,2945,3392,1454,6679
2026-05-12 14:23:42,100,52,81,30,0,0,2945,3392,1449,6679
2026-05-12 14:23:44,100,52,81,30,0,0,2945,3392,1441,6679
2026-05-12 14:23:45,100,52,81,30,0,0,2945,3392,1436,6679
2026-05-12 14:23:46,100,52,81,30,0,0,2945,3392,1432,6679
2026-05-12 14:23:47,100,52,81,30,0,0,2945,3392,1423,6679
2026-05-12 14:23:49,100,52,81,30,0,0,2945,3392,1419,6679
2026-05-12 14:23:50,100,52,81,30,0,0,2945,3392,1415,6679
2026-05-12 14:23:51,100,52,81,30,0,0,2945,3392,1410,6679
2026-05-12 14:23:53,100,52,81,30,0,0,2945,3392,1402,6679
2026-05-12 14:23:54,100,52,81,30,0,0,2945,3392,1398,6679
2026-05-12 14:23:55,100,52,81,30,0,0,2945,3392,1393,6679
2026-05-12 14:23:56,100,52,81,30,0,0,2945,3392,1385,6679
2026-05-12 14:23:58,100,52,81,30,0,0,2945,3392,1381,6679
2026-05-12 14:23:59,100,52,81,30,0,0,2945,3392,1377,6679
2026-05-12 14:24:00,100,52,81,30,0,0,2945,3392,1373,6679
2026-05-12 14:24:02,100,52,81,30,0,0,2945,3392,1364,6679
2026-05-12 14:24:03,100,52,81,30,0,0,2945,3392,1360,6679
2026-05-12 14:24:04,100,52,81,30,0,0,2945,3392,1356,6679
2026-05-12 14:24:05,100,52,81,30,0,0,2945,3392,1348,6679
2026-05-12 14:24:07,100,52,81,30,0,0,2945,3392,1344,6679
2026-05-12 14:24:08,100,52,81,30,0,0,2945,3392,1340,6679
